<?xml version="1.0" encoding="UTF-8"?>
<project-private xmlns="http://www.netbeans.org/ns/project-private/1">
    <editor-bookmarks xmlns="http://www.netbeans.org/ns/editor-bookmarks/2" lastBookmarkId="1">
        <file>
            <url>src/br/com/ies/oficina/gui/realizar/RealizarOrdemServico.java</url>
            <bookmark id="1">
                <name/>
                <line>47</line>
                <key/>
            </bookmark>
        </file>
    </editor-bookmarks>
    <open-files xmlns="http://www.netbeans.org/ns/projectui-open-files/2">
        <group>
            <file>file:/C:/Users/User/Desktop/Aps_Oficina_Mecanica-master/Oficina_Mecanica/src/br/com/ies/oficina/dominio/Pessoa.java</file>
            <file>file:/C:/Users/User/Desktop/Aps_Oficina_Mecanica-master/Oficina_Mecanica/src/br/com/ies/oficina/gui/Login.java</file>
            <file>file:/C:/Users/User/Desktop/Aps_Oficina_Mecanica-master/Oficina_Mecanica/src/br/com/ies/oficina/gui/alterar/AlterarPeca.java</file>
            <file>file:/C:/Users/User/Desktop/Aps_Oficina_Mecanica-master/Oficina_Mecanica/src/br/com/ies/oficina/gui/cadastrar/CadastrarFuncionario.java</file>
            <file>file:/C:/Users/User/Desktop/Aps_Oficina_Mecanica-master/Oficina_Mecanica/src/br/com/ies/oficina/dao/OrdemServicoDAO.java</file>
            <file>file:/C:/Users/User/Desktop/Aps_Oficina_Mecanica-master/Oficina_Mecanica/src/br/com/ies/oficina/dao/CargoDAO.java</file>
            <file>file:/C:/Users/User/Desktop/Aps_Oficina_Mecanica-master/Oficina_Mecanica/src/br/com/ies/oficina/criptografia/CriptografarSenha.java</file>
            <file>file:/C:/Users/User/Desktop/Aps_Oficina_Mecanica-master/Oficina_Mecanica/src/br/com/ies/oficina/gui/MenuTeste.java</file>
            <file>file:/C:/Users/User/Desktop/Aps_Oficina_Mecanica-master/Oficina_Mecanica/src/br/com/ies/oficina/dominio/Veiculo.java</file>
            <file>file:/C:/Users/User/Desktop/Aps_Oficina_Mecanica-master/Oficina_Mecanica/src/br/com/ies/oficina/dao/FuncionarioDAO.java</file>
            <file>file:/C:/Users/User/Desktop/Aps_Oficina_Mecanica-master/Oficina_Mecanica/src/br/com/ies/oficina/gui/Menu.java</file>
        </group>
    </open-files>
</project-private>
